id;i_d_guest;full_name;plate_number;status
1;48402;matrix;TCP Locks;Refined invoice repurpose
2;19799;orchid analyzing system;Pre-emptive;transmitter
3;54757;Loan Fresh;Rustic Handcrafted;Dollar Dynamic
4;77837;Soft;Rustic throughput Stand-alone;card
5;48722;Manager;Account systemic;Unbranded payment Arizona
6;56540;Pines Cotton Libyan;yellow Soap Creative;RAM disintermediate web-enabled
7;51736;haptic;Rubber Markets compressing;deposit Hat
8;36749;Iowa;calculating;Cross-platform exuding
9;10412;Account;Central holistic robust;Industrial Borders back
10;97353;impactful;Fish collaboration Rubber;visualize connect
