id;i_d_reservation;res_date_time;status
1;57186;2021-07-04T22:52:43;enterprise Wisconsin Yuan
2;90715;2021-07-04T15:18:47;website Kenya revolutionize
3;76583;2021-07-04T04:34:39;parsing Viaduct
4;49891;2021-07-04T07:37:10;Rhode Automated
5;60792;2021-07-04T20:16:55;Ecuador Pa'anga Accounts
6;26633;2021-07-04T21:52:48;Account
7;68004;2021-07-05T00:18:16;Outdoors Computer
8;46120;2021-07-04T03:03:17;neural Metrics
9;93336;2021-07-04T18:13:54;Sports expedite
10;86540;2021-07-04T11:41:28;generating Islands relationships
